,TF,log2FC,pval,qval,cluster_mean,others_mean,n_in,n_out,cluster
0,JUN(-),-0.7698998310244535,1.4757244632796063e-189,1.6970831327715472e-187,0.025810249209129627,0.044010382958977065,1296,8224,3
1,ATF3(-),-0.5891700582941016,1.9919706138603037e-117,1.1453831029696746e-115,0.04313509948622528,0.06489162764554463,1296,8224,3
2,BHLHE40(+),-0.4208144946075085,8.028530898213958e-39,1.8465621065892104e-37,0.14786292147544688,0.1979415965986989,1296,8224,3
3,JUND(-),-0.3215426080044856,1.5702724131329694e-71,6.019377583676383e-70,0.037515019435341364,0.04688124624124863,1296,8224,3
4,HIF1A(-),-0.30468536354811593,2.953279210294578e-51,8.490677729596911e-50,0.038536881084685955,0.047598799419757684,1296,8224,3
5,KLF4(-),-0.2359274043974823,1.15368820468227e-30,1.8953449076923005e-29,0.037802474473902746,0.044518595661628885,1296,8224,3
6,KLF12(-),-0.17711744761328635,6.125583248723208e-20,7.827134151146321e-19,0.029866914655331776,0.03376820900090737,1296,8224,3
7,CEBPD(-),-0.16265432606430294,6.593635127840046e-33,1.263780066169342e-31,0.032182642203998774,0.03602346875970551,1296,8224,3
8,YBX1(-),-0.1499428954971775,1.0877377368737807e-12,1.1371803612771343e-11,0.02516777962536497,0.027924294745139445,1296,8224,3
9,FOSB(-),-0.12288287146023386,2.8487277687746207e-11,2.730030778409012e-10,0.0324703327592131,0.03535722487591163,1296,8224,3
10,TCF12(-),-0.11505020310650088,0.0003032747908379746,0.0023251067297578054,0.027341299774542558,0.02961097584008905,1296,8224,3
11,EHF(-),-0.11359581920987578,0.00037472560576232,0.002693340291416675,0.025005213586206908,0.02705367813355476,1296,8224,3
12,FOSL1(+),-0.08417680749289931,3.086169923464251e-30,4.436369264979861e-29,0.2325221284815342,0.24649268406408242,1296,8224,3
13,ELF1(-),-0.0832926810172965,5.300352823898532e-11,4.68877365191024e-10,0.027028592601471776,0.028634989523968805,1296,8224,3
14,FOS(+),-0.06783511867106733,1.0995417117923239e-05,9.031949775436946e-05,0.40491288538340403,0.42440647672204834,1296,8224,3
15,ELF3(-),-0.06484823230721833,1.5945099134646597e-14,1.8336864004843588e-13,0.03352471787465631,0.035066013479780264,1296,8224,3
16,ATF1(+),-0.03973560289419352,0.00044292115344720165,0.0029962313321428347,0.06817381783437447,0.07007760073330642,1296,8224,3
17,HMGA2(-),-0.02113613051886911,0.005093772442499958,0.0325435461604164,0.03639941259610738,0.036936605811321625,1296,8224,3
18,BHLHE40(+),-0.5419630859991481,4.999784123227589e-09,1.9165839139039092e-07,0.13194364928153768,0.19210365947904345,155,9365,7
19,JUN(-),-0.418191527392694,4.7103894375709664e-11,2.7084739266033054e-09,0.031209379341893564,0.0417035791384588,155,9365,7
20,MXD1(+),-0.31980078188665,2.299929960989718e-17,2.6449194551381758e-15,0.14703732055579624,0.18352583495791527,155,9365,7
21,KLF4(-),-0.20274902762590624,0.00010449397898330208,0.002002801263846623,0.03796853344846247,0.04369757767804615,155,9365,7
22,FOXO1(+),-0.19569221446513912,1.7649838286181126e-08,5.074328507277073e-07,0.12236600633704357,0.14014254921308014,155,9365,7
23,ATF3(-),-0.19206060160683525,2.2867196592212148e-05,0.0005259455216208794,0.054320784880537834,0.062055751525320245,155,9365,7
24,NR3C1(-),-0.18187861313522002,0.0006309373032462614,0.007255778987332006,0.043475981648161466,0.049317416287261946,155,9365,7
25,THRB(+),-0.08918264424210436,0.00029362303010877253,0.00475357827315248,0.14960122058809727,0.15914089204283907,155,9365,7
26,PRDM1(+),-0.07512282126940867,0.0003306837059584334,0.00475357827315248,0.1718423753112669,0.18102747332736532,155,9365,7
27,IRF6(+),-0.07420681236360617,0.00047821278895132104,0.006110496747711324,0.1310542018313127,0.13797151284888598,155,9365,7
28,HIF1A(-),-0.016999111245785663,0.0008105877665484924,0.008474326650279694,0.045830791419123294,0.046374004446756455,155,9365,7
29,MXD1(-),-0.5862244503010366,1.9490563110284012e-33,2.4904608418696235e-32,0.0457080054520355,0.0686220072563577,1167,8353,4
30,NFIC(-),-0.5462846289355984,4.762599365077683e-14,2.882625931494387e-13,0.02688185491760376,0.039256113210298225,1167,8353,4
31,MYC(-),-0.512283880162285,7.125986573147719e-11,3.2779538236479506e-10,0.02191748434595254,0.0312610474175718,1167,8353,4
32,HIF1A(-),-0.5107675903392905,1.3273669871514735e-19,1.174209257864765e-18,0.033775793889721156,0.04812402404459893,1167,8353,4
33,HLTF(+),-0.4438940392203629,3.3184407948515093e-18,2.5441379427194906e-17,0.07229224253397158,0.09833703719042658,1167,8353,4
34,HMGA2(+),-0.4385230141951661,6.938817101159627e-169,7.97963966633357e-167,0.3549969265337226,0.4810975823435868,1167,8353,4
35,NFE2L2(-),-0.35384953002089636,8.110740961195023e-05,0.000252090597442548,0.019232575970438436,0.024578579752056677,1167,8353,4
36,RUNX1(+),-0.2886231656374724,1.300109816132651e-92,4.983754295175163e-91,0.35907787701557964,0.43860429418254443,1167,8353,4
37,HLTF(-),-0.2693838225936909,1.8883283836610287e-20,1.8096480343418192e-19,0.02892597579829796,0.03486427447768701,1167,8353,4
38,SMAD2(-),-0.23215884873529785,0.003597566368984182,0.009850479343647165,0.022602761994940296,0.02654900761426387,1167,8353,4
39,HIF1A(+),-0.2267420075766836,9.327780973302232e-83,2.681737029824392e-81,0.14075364874973553,0.16470842254864285,1167,8353,4
40,MYC(+),-0.22506330030911703,5.71159884878433e-110,3.2841693380509898e-108,0.15169859024580054,0.1773096406304332,1167,8353,4
41,IRF6(-),-0.19549532904488745,4.789419359426711e-09,1.9670829511931136e-08,0.03191236167030542,0.03654339607812739,1167,8353,4
42,FOSB(-),-0.17655908285058994,4.181032288090739e-17,2.8283453713555e-16,0.03137981331296475,0.03546499778513196,1167,8353,4
43,ATF3(-),-0.1409851673584087,3.0155365368437453e-06,1.155955672456769e-05,0.05681250658089532,0.06264475511926287,1167,8353,4
44,CEBPB(-),-0.1377320254960085,0.0007614063103963244,0.0021890431423894326,0.04751164103438206,0.05227108355577496,1167,8353,4
45,CEBPD(+),-0.13363739516598838,6.073591255791641e-55,1.164104990693398e-53,0.14408992491179537,0.1580747413216238,1167,8353,4
46,YY1(-),-0.11749300863690972,0.0002104352956858089,0.0006205143334325134,0.02556042786410479,0.02772918086986239,1167,8353,4
47,KLF3(-),-0.11283505196763281,5.100039699345289e-06,1.832826766952213e-05,0.04519843889666631,0.048875382695485366,1167,8353,4
48,ELF3(-),-0.10671101920816119,3.104767718329461e-39,5.100689822969828e-38,0.03265645715457144,0.03516351535063843,1167,8353,4
49,NFE2L2(+),-0.10259696072998417,7.011189952218308e-80,1.6125736890102108e-78,0.7903963720577947,0.8486521207438568,1167,8353,4
50,RFX3(+),-0.08962016846555974,1.5875011840191449e-27,1.8256263616220167e-26,0.10112951041024817,0.10761090007390499,1167,8353,4
51,FOS(+),-0.08756295604330167,3.4511993537727657e-06,1.2802836312382841e-05,0.3998023040841986,0.42481942717020965,1167,8353,4
52,SMAD1(+),-0.08730871281618287,8.208914801198156e-13,4.4953581054180375e-12,0.16265630321012473,0.1728038599630391,1167,8353,4
53,JUND(-),-0.08432763323922561,1.1718315728146093e-05,3.963547966872943e-05,0.0433183327161539,0.04592581587411467,1167,8353,4
54,FOSB(+),-0.0840676270759114,1.5689674611660033e-23,1.6402841639462761e-22,0.07881602125471306,0.08354517729682445,1167,8353,4
55,ELK3(-),-0.07267661911212488,2.0434725916703627e-34,2.9374918505261465e-33,0.02690188968644309,0.02829180334270218,1167,8353,4
56,SMAD1(-),-0.07005769574722731,0.001245540873254387,0.00349359025425011,0.0397734621090252,0.04175253651026067,1167,8353,4
57,FOSL1(+),-0.06713961347105085,7.597946889187286e-19,6.24117065897527e-18,0.23477759778044616,0.24596181678981202,1167,8353,4
58,NFIA(+),-0.06676951255930469,2.6243888584305885e-17,1.8862794919969854e-16,0.1274295518118098,0.13346573481170415,1167,8353,4
59,KLF7(-),-0.0658849026868072,2.096601229866062e-05,6.88883261241706e-05,0.030905519180748353,0.03234963435823713,1167,8353,4
60,ATF1(-),-0.06176674300762355,6.111801017072216e-14,3.5142855848165244e-13,0.03907898551279978,0.040788423868390745,1167,8353,4
61,NFIC(+),-0.0546675039240067,6.899037660136919e-15,4.407718505087476e-14,0.13690063300421554,0.14218769528997666,1167,8353,4
62,FOSL1(-),-0.05448186286359561,1.0805768935772349e-05,3.765646750344909e-05,0.025628891632590908,0.026615246961024647,1167,8353,4
63,ILF2(+),-0.04709856745829499,2.288512155433498e-12,1.196267717612965e-11,0.1295571812337556,0.1338565329945326,1167,8353,4
64,GATA6(+),-0.04680652259931566,3.2235121658149448e-12,1.6117560829074722e-11,0.13033922817043234,0.13463727474669268,1167,8353,4
65,ATF4(+),-0.03817323060515316,4.461686830863588e-11,2.1378916064554692e-10,0.12894182115967304,0.13239911659510772,1167,8353,4
66,JUND(+),-0.0379075625032135,1.311527014692646e-10,5.800984872679012e-10,0.15970603313329781,0.16395800904930885,1167,8353,4
67,FOXO1(-),-0.034139828541333295,7.598984070552059e-10,3.236604326346247e-09,0.041662606469525305,0.042660265029106165,1167,8353,4
68,CEBPB(+),-0.028902673796484757,2.2406057132051718e-07,8.885160586848096e-07,0.1511693840104571,0.15422842204813245,1167,8353,4
69,TEAD1(+),-0.021888460994711305,0.000178427748352787,0.0005399787121202765,0.1437063172965706,0.14590324243329342,1167,8353,4
70,YY1(+),-0.020795591342525406,4.921179225452902e-05,0.00015720433636863437,0.13499121798630287,0.1369511276883607,1167,8353,4
71,STAT1(+),-0.015355597237688604,0.017161759426718225,0.0458977286993627,0.10271437150849333,0.10381347019427153,1167,8353,4
72,MXD1(-),-0.3671323231708347,1.1461829810748994e-21,2.636220856472269e-20,0.05324950292374095,0.0686804926206662,1769,7751,2
73,TCF7L2(-),-0.25738833464699384,8.164150101502971e-07,5.5228074216049505e-06,0.024938189708463874,0.029808940245961528,1769,7751,2
74,SOX4(-),-0.25121322701897325,1.6031869347381986e-24,4.609162437372321e-23,0.02106480480180508,0.025071490815875397,1769,7751,2
75,MYC(-),-0.223509969620368,0.00048426320075884577,0.0020626025217506394,0.026500180179350356,0.03094083532104672,1769,7751,2
76,HLTF(+),-0.20614581905775103,2.1579335962625377e-07,1.6544157571346123e-06,0.08456825952010615,0.09755813025386537,1769,7751,2
77,YBX1(-),-0.17718685306531642,5.284155921657609e-17,8.681113299866072e-16,0.024899828498334498,0.0281536634969612,1769,7751,2
78,NR2F6(-),-0.15720903278719894,0.00012320002813752946,0.0005903334681589954,0.03862418530726616,0.04307090207049466,1769,7751,2
79,HLTF(-),-0.11528641384144268,1.9792811549822904e-05,0.00011380866641148171,0.03197088967870901,0.034630550203470244,1769,7751,2
80,YY1(-),-0.10144305006781575,3.423971275518737e-05,0.00017898031667484308,0.025925678608393697,0.027814261600454485,1769,7751,2
81,PRDM1(-),-0.09957190975309237,5.897783982389204e-11,6.165865072497804e-10,0.03973541584174864,0.0425747292388536,1769,7751,2
82,SOX4(+),-0.08879537249919814,2.018767908369031e-25,1.1607915473121928e-23,0.593476076606569,0.6311510188223008,1769,7751,2
83,ATF4(+),-0.075115366768228,2.6831159701188646e-57,3.0855833656366943e-55,0.12647199144534368,0.13323132155147208,1769,7751,2
84,ELF1(-),-0.0712746936058054,1.3210553310908796e-10,1.266011358962093e-09,0.027290991393069963,0.028673131993586173,1769,7751,2
85,GRHL2(-),-0.07007010229006147,0.0008639403171245522,0.003425970223080121,0.036273654881963394,0.03807891101055407,1769,7751,2
86,ETV6(-),-0.06771912742295774,8.54098687696724e-06,5.4567416158401815e-05,0.030258336908612436,0.03171250461810207,1769,7751,2
87,ILF2(-),-0.06621433608042214,8.426193714506918e-12,9.690122771682956e-11,0.03438386708705239,0.03599873345449828,1769,7751,2
88,BACH2(-),-0.06233385716284748,0.0003474328287539417,0.001598191012268132,0.02947701826502717,0.030778532698237576,1769,7751,2
89,HIF1A(-),-0.057757118322426894,0.007774763798757562,0.02629699520167999,0.044872854452639326,0.04670574697292239,1769,7751,2
90,CTCF(-),-0.05430044140418615,0.001370675109740219,0.005254254587337507,0.03657510521525065,0.03797796117776208,1769,7751,2
91,KLF4(-),-0.04534168240615713,0.008535717165778212,0.028045927830414125,0.04249953358410966,0.04385643952123916,1769,7751,2
92,FOSB(-),-0.04532532506405471,0.0030390973945857488,0.010590793950829125,0.03407867588581135,0.03516632576357086,1769,7751,2
93,RFX3(-),-0.04221517317655665,5.988908204863547e-08,5.2978803350716e-07,0.03152010499492475,0.03245605190745165,1769,7751,2
94,FOSL1(-),-0.041472488276530085,1.3039575148798232e-05,7.892374432167351e-05,0.025879831165831212,0.026634583030359617,1769,7751,2
95,ELF2(-),-0.03838577265469854,1.8386585617745596e-19,3.524095576734573e-18,0.03094771513125789,0.03178219295030039,1769,7751,2
96,ELK3(-),-0.03787999315624878,9.018974135429823e-14,1.296477531968037e-12,0.027525210027099022,0.02825749478102599,1769,7751,2
97,FOXO1(-),-0.03534029603858432,1.223971798690003e-13,1.5639639649927817e-12,0.04169610385720417,0.042730105510858575,1769,7751,2
98,KLF4(+),-0.03531669602168721,0.00037748395651089216,0.0016696405768751,0.10321578801014754,0.10577365643790285,1769,7751,2
99,GATA6(-),-0.02930200345099802,4.397446496819577e-07,3.160664669589071e-06,0.03589682342934572,0.036633363981251395,1769,7751,2
100,CLOCK(+),-0.027308125711458055,1.0944103727753933e-07,8.989799490655016e-07,0.11068095729561055,0.11279594102701547,1769,7751,2
101,MYC(+),-0.020647872761660795,3.8199365924749734e-05,0.00019099682962374866,0.1721497251748264,0.17463125005400465,1769,7751,2
102,ILF2(+),-0.019653791707247816,3.1199565057680256e-05,0.00017085476103015379,0.131856994269137,0.13366556931247797,1769,7751,2
103,NFIA(+),-0.01829801662023466,0.0018698614371442316,0.006936582750696343,0.1313606693968482,0.13303735591323967,1769,7751,2
104,CEBPD(+),-0.013545176311328231,0.0024338950420794815,0.008746810307473136,0.15516870292284488,0.15663241145156442,1769,7751,2
105,JUND(+),-0.010930546519775305,0.0006057287323968135,0.0024878144366297698,0.16243100396741514,0.16366633263283178,1769,7751,2
106,ELF3(+),-0.00788251689254291,0.008812886194182431,0.02815227534252721,0.13334488978947104,0.13407544615362446,1769,7751,2
107,NFE2L2(+),-0.006775824781784516,1.1970858955614368e-24,4.5888292663188413e-23,0.83829777573485,0.8422442220990739,1769,7751,2
108,ATF3(+),-0.3267137322887405,3.3576584006486797e-103,3.861307160745982e-101,0.4666828482214029,0.5852918454332995,692,8828,5
109,NFKB1(+),-0.2841082883329687,2.914044766238497e-67,1.6755757405871358e-65,0.13779270382521963,0.16778430739090516,692,8828,5
110,FOS(+),-0.271345866224577,6.543325803185715e-26,1.2541374456105956e-24,0.3538516269733823,0.4270752875117172,692,8828,5
111,NR3C1(-),-0.24859320471860627,3.554000044051114e-17,5.108875063323477e-16,0.04191347739562607,0.04979522590936804,692,8828,5
112,THRB(-),-0.21270538379028214,1.07829397875473e-06,6.889100419821885e-06,0.03413009828469075,0.03955198108921989,692,8828,5
113,MXD1(+),-0.20456370940095062,3.499713414790788e-28,8.049340854018812e-27,0.16028864817962724,0.1847066702001276,692,8828,5
114,NFKB1(-),-0.2040980918560976,3.308559287530746e-11,3.458948346054871e-10,0.04095655623665584,0.04718055895006743,692,8828,5
115,JUN(+),-0.16195802569449236,1.1415083523434645e-35,4.375782017316614e-34,0.09941115777424571,0.11122165572230225,692,8828,5
116,THRB(+),-0.14703763259501104,7.04836909619836e-32,2.0264061151570285e-30,0.1445988001127365,0.16011330692051748,692,8828,5
117,EHF(-),-0.11794045597706664,0.003607159992342372,0.014815121397120455,0.024814638770835815,0.026928463496676484,692,8828,5
118,FOXO1(+),-0.11259182220737715,4.189152504659232e-12,4.817525380358117e-11,0.13006341094368556,0.14062050566263093,692,8828,5
119,IRF6(+),-0.10229325272243124,8.6344900515927e-23,1.4185233656188006e-21,0.12906475363190592,0.13854823398282645,692,8828,5
120,KLF4(-),-0.09505900973019656,7.891831269226221e-05,0.0004321717123623883,0.041013929695898725,0.04380735141479973,692,8828,5
121,SOX4(+),-0.08228074354434514,7.719929781598155e-11,7.398266040698232e-10,0.5919346895369053,0.6266755687867179,692,8828,5
122,PRDM1(+),-0.07624141571699969,1.1231100056700935e-13,1.4350850072451193e-12,0.17221169154193341,0.18155724573368867,692,8828,5
123,HMGA2(-),-0.0734555736245066,0.007572008108960283,0.029026031084347755,0.03516040510701633,0.03699697378600018,692,8828,5
124,JUND(-),-0.05573664191800051,0.002357138851024406,0.010425806456454103,0.043999049544189574,0.04573215813226693,692,8828,5
125,ELK3(+),-0.051755795763279655,4.679288296018759e-10,4.139370415708902e-09,0.1313973035583411,0.13619667341537559,692,8828,5
126,ARID5B(+),-0.04657333597883866,1.0716494276604901e-07,8.21597894539709e-07,0.14668429932761223,0.15149684966546534,692,8828,5
127,TFAP2A(+),-0.04347127180583477,4.9321717210637866e-08,4.0514267708738247e-07,0.1463195016498185,0.15079549601824496,692,8828,5
128,E2F7(+),-0.04099022560071228,8.921544956893025e-07,6.035162764957046e-06,0.11807639520140333,0.12147932594677824,692,8828,5
129,KLF5(+),-0.03831254106104165,2.153782920520308e-07,1.5480314741239714e-06,0.13780357641394708,0.1415121447336477,692,8828,5
130,TCF7L2(+),-0.03692279364045041,0.0034138858809548847,0.014540625048511545,0.37765244190279407,0.3874424172721027,692,8828,5
131,FOSB(+),-0.03159492588275801,0.00035941149920909975,0.0017970574960454986,0.08129627878540316,0.08309630016369812,692,8828,5
132,BACH2(+),-0.03035356533590401,4.125941644282189e-05,0.00023724164454622587,0.16136734299380937,0.16479839656961456,692,8828,5
133,KLF3(+),-0.026308354724558815,1.4345353022496927e-05,8.682713671511299e-05,0.12072736648129705,0.12294909351815848,692,8828,5
134,EHF(+),-0.022798205181283955,0.0001246012333896476,0.0006513246290822487,0.12484007468440621,0.12682853135932248,692,8828,5
135,KLF6(+),-0.020971835373418943,0.00046404768699741245,0.002223561833529268,0.1410936464476803,0.14315964380263954,692,8828,5
136,EGR1(+),-0.015650292929737263,0.0014410058126682265,0.0066286267382738425,0.11543411671779223,0.11669315765993965,692,8828,5
137,SMAD3(+),-0.015346531221813212,0.005316722720337355,0.02108355561513089,0.13958934839637535,0.1410821424694744,692,8828,5
138,KLF12(+),-0.011400873350200704,0.009775657264391112,0.0362645350130638,0.12641626344739465,0.12741922357403193,692,8828,5
139,MYC(-),-1.00350772449975,1.180950914791897e-58,2.6117183692513104e-58,0.01659575466047003,0.033272309330465995,1802,7718,1
140,TEAD1(-),-0.7844871829759232,1.4236655544234605e-17,2.2427608049136705e-17,0.01286968616751546,0.02216777700430324,1802,7718,1
141,FOXP1(-),-0.5169596705267274,5.5052267864599336e-33,1.0378706236768727e-32,0.07301425034013401,0.10447875762750539,1802,7718,1
142,SMAD1(+),-0.5090446620005163,0.0,0.0,0.12774196930087542,0.18179055706624828,1802,7718,1
143,SMAD2(-),-0.47265314023227956,1.5185452352615122e-13,2.2679571695464142e-13,0.019832338696194413,0.02752052468508672,1802,7718,1
144,STAT1(-),-0.45455426725872183,1.0659331200260655e-12,1.5715680615768915e-12,0.029772531538842347,0.04079906750286335,1802,7718,1
145,HLTF(-),-0.43370691929503935,1.0732897029989882e-70,2.626134379678375e-70,0.026579362824901195,0.03590073680464648,1802,7718,1
146,REL(+),-0.42523726957530017,1.5614885796706978e-139,4.9880885183925066e-139,0.22683955545609596,0.3045986410480646,1802,7718,1
147,TCF7L2(+),-0.42083547274670163,1.7500088273281551e-304,1.437507251019556e-303,0.3034155948727992,0.4061832401547129,1802,7718,1
148,ATF3(+),-0.4000620290471202,0.0,0.0,0.45801082672807286,0.6043748941034432,1802,7718,1
149,SOX9(-),-0.3876048113830983,1.6271419627759887e-20,2.7119032712933146e-20,0.042616500448698025,0.05575174445187425,1802,7718,1
150,HIF1A(+),-0.3853872722979816,0.0,0.0,0.12959908901454872,0.16928367494629917,1802,7718,1
151,RUNX1(+),-0.3844568419102939,1.2395749884542506e-218,5.091111559722815e-218,0.3437537490925777,0.44872522621393396,1802,7718,1
152,IRF6(-),-0.3498721629718706,4.505684998207208e-20,7.402196782768985e-20,0.029428011645806516,0.03750446184556899,1802,7718,1
153,STAT1(+),-0.3478933446090023,0.0,0.0,0.08490723648336655,0.10806151178286284,1802,7718,1
154,NFIC(-),-0.3470224022502175,1.1684370987093831e-14,1.768029820415514e-14,0.030922138845333496,0.03933088159305178,1802,7718,1
155,NR2F6(-),-0.33981904038315164,1.279618152060158e-18,2.0726209505199745e-18,0.03475996300030217,0.04399213428743372,1802,7718,1
156,NFKB1(+),-0.3364970029041423,4.484766835534382e-207,1.6637038260853353e-206,0.13652856709112374,0.17239283995798893,1802,7718,1
157,MYC(+),-0.3289792371536622,0.0,0.0,0.14422312179744717,0.18116216863486087,1802,7718,1
158,MXD1(-),-0.30681737328963343,1.8837047685877358e-16,2.888347311834528e-16,0.05520680046987089,0.06828948102204903,1802,7718,1
159,KLF10(-),-0.3066365216738474,0.0,0.0,0.06643092567010359,0.08216315285322545,1802,7718,1
160,CEBPD(+),-0.3048459570059883,0.0,0.0,0.13131252107723831,0.16220861539911946,1802,7718,1
161,ATF4(-),-0.29644822773136614,1.3996620356330185e-09,2.0120141762224642e-09,0.022284103964676092,0.027367491274173237,1802,7718,1
162,NFIA(+),-0.2928338872244858,0.0,0.0,0.11224675543107089,0.13750724495461958,1802,7718,1
163,KLF4(+),-0.29112950998711945,6.064800034041582e-137,1.8850054159858973e-136,0.08913965380417005,0.1090710914595777,1802,7718,1
164,NFKB1(-),-0.2910668944750069,1.228987496314507e-32,2.2795735818736825e-32,0.03955885352376238,0.04840202867026965,1802,7718,1
165,RFX3(+),-0.28963316284731155,0.0,0.0,0.0905035194763513,0.11062511594580242,1802,7718,1
166,FOSB(+),-0.2808032484697472,0.0,0.0,0.07065706338886549,0.08583922448016178,1802,7718,1
167,ARID5B(+),-0.27016065924450766,6.363099196013467e-293,4.573477547134679e-292,0.129522007531324,0.1561960438468507,1802,7718,1
168,HLTF(+),-0.2565239857721059,1.340312072986032e-08,1.8570588963059476e-08,0.082179511315728,0.098171396643928,1802,7718,1
169,NFIC(+),-0.25510397579705013,0.0,0.0,0.12235337962651188,0.146019184683353,1802,7718,1
170,NFE2L2(-),-0.2528270425232936,9.728806949331424e-09,1.3644058526501388e-08,0.020707674633726466,0.024674016990989384,1802,7718,1
171,TEAD1(+),-0.24623476459368732,0.0,0.0,0.12654137160125473,0.15009166943572674,1802,7718,1
172,E2F7(+),-0.24578550913597663,1.3078270159026282e-260,7.91579509625275e-260,0.10536590724914577,0.12493638119649765,1802,7718,1
173,GATA6(+),-0.2366383765051844,0.0,0.0,0.11717764841116031,0.13806386535334356,1802,7718,1
174,SMAD1(-),-0.23515335102090837,1.131695904742583e-31,2.0657941118316994e-31,0.0363000664458261,0.04272633428557405,1802,7718,1
175,FOXO1(+),-0.23475200281297995,1.3781654367578343e-100,3.77354821969407e-100,0.12232869970110988,0.14394472499369504,1802,7718,1
176,GRHL2(-),-0.23293864475956008,6.022211822851937e-22,1.0336632233253326e-21,0.03304862167335603,0.03883961110049372,1802,7718,1
177,JUN(+),-0.22638348824084428,7.683137890796318e-148,2.598708404239931e-147,0.09700215956570568,0.1134826906399146,1802,7718,1
178,ILF2(+),-0.22560353722770313,2.4692339521538063e-296,1.8930793633179181e-295,0.11724092661615508,0.13708586432246828,1802,7718,1
179,KLF6(+),-0.21123856132201477,8.258065927308877e-239,3.7987103265620836e-238,0.1268000191539853,0.14679405342264934,1802,7718,1
180,KLF3(-),-0.20840400134277653,3.176339681311255e-23,5.534531262890823e-23,0.04300618926530793,0.049689750815199996,1802,7718,1
181,ELF1(+),-0.20632978107169153,7.843680299306608e-266,5.306019026001529e-265,0.11622837886188116,0.13409841169667575,1802,7718,1
182,FOS(+),-0.20387074474072753,3.00442401810261e-34,5.758479368030003e-34,0.3755409760068963,0.43254225515089223,1802,7718,1
183,ELF2(+),-0.20274586507129794,6.63960122116132e-248,3.3198006105806597e-247,0.10447451173163767,0.12023833051947065,1802,7718,1
184,ETS2(+),-0.20108044995033617,7.208270271349075e-253,4.1447554060257185e-252,0.11944081433637006,0.13730425724820178,1802,7718,1
185,SMAD3(+),-0.19986580876175677,5.526082147330812e-218,2.191377403251874e-217,0.1258170485983974,0.1445123945629048,1802,7718,1
186,ETV6(+),-0.19890410707723152,2.236372729916832e-249,1.224680304478265e-248,0.11605960961718327,0.1332162512785154,1802,7718,1
187,CLOCK(+),-0.19676102948077304,1.4237290089217144e-235,6.297262924076814e-235,0.10049763849936132,0.11518258717031407,1802,7718,1
188,PITX1(+),-0.19554277894779176,2.5441484484249215e-249,1.3298957798584816e-248,0.11940602069424122,0.1367383917753848,1802,7718,1
189,YY1(+),-0.1943440383596069,6.86017748550244e-247,3.28716837846992e-246,0.12240118635357666,0.1400519024568215,1802,7718,1
190,KLF5(+),-0.19425953983464903,9.020864006032834e-211,3.457997868979253e-210,0.1264646980123118,0.14469291303043644,1802,7718,1
191,ELF3(+),-0.19166833962605795,1.643319599504228e-232,6.999324220110601e-232,0.12010490043378953,0.1371698448552249,1802,7718,1
192,NR3C1(+),-0.17624390128569498,3.042074754731863e-159,1.0601169599823158e-158,0.11988358987851787,0.13546105090811447,1802,7718,1
193,FOSL1(-),-0.172222782860826,1.6575582436277052e-68,3.812383960343722e-68,0.02402475689061602,0.027070933205983725,1802,7718,1
194,THRB(-),-0.16845579390284923,1.5367980959107807e-08,2.1039497741635688e-08,0.0355847690819825,0.03999211754119036,1802,7718,1
195,THRB(+),-0.1676435946386301,7.03397361866058e-91,1.8384249230590152e-90,0.14454572163377125,0.1623569905141598,1802,7718,1
196,ELK3(+),-0.16215842348010231,3.034985427872309e-145,9.97209497729473e-145,0.12389870504666009,0.13863769117377928,1802,7718,1
197,JUND(+),-0.16089217834012765,9.072772961110732e-189,3.2605277828991695e-188,0.1491692406831154,0.16676797337969199,1802,7718,1
198,YY1(-),-0.15163562390267335,1.7138187166453236e-09,2.4331994125211384e-09,0.025199181061755074,0.027991959426028577,1802,7718,1
199,FOXP1(+),-0.1489399327583271,1.567284467993967e-52,3.337735441098263e-52,0.45965512785446966,0.5096446819873276,1802,7718,1
200,EGR1(+),-0.14188924553013896,6.984405550204011e-135,2.1137016796670035e-134,0.1075872738480599,0.11870631473392736,1802,7718,1
201,NFIA(-),-0.1383777634014886,1.1495131045575286e-70,2.7540418130024124e-70,0.0464363518429233,0.051110949792771226,1802,7718,1
202,ATF1(-),-0.13810006768669333,4.61107229610305e-88,1.178385142337446e-87,0.03752299202165742,0.041292361886898006,1802,7718,1
203,EHF(+),-0.1334169257068126,6.150573752012197e-120,1.8136307217471862e-119,0.11745780840837125,0.1288381233181949,1802,7718,1
204,NR3C1(-),-0.1329425458021652,2.5449658733986347e-10,3.704697157479025e-10,0.045649904204274776,0.05005639457237247,1802,7718,1
205,KLF7(+),-0.1323222031634129,1.2101353048894482e-110,3.394281952738696e-110,0.12498390619032872,0.1369894261257044,1802,7718,1
206,CTCF(-),-0.13176673553636017,8.323742315074538e-17,1.2935545489642865e-16,0.035003388758764485,0.0383509240310078,1802,7718,1
207,TFAP2A(+),-0.13099121325253726,2.1230222703564452e-95,5.677850257930028e-95,0.13970516044898654,0.15298354947676432,1802,7718,1
208,PITX1(-),-0.12416417448730314,3.0506417749655143e-31,5.4816219393911585e-31,0.028907282275187175,0.03150535702133982,1802,7718,1
209,FOXA1(-),-0.12283453868821058,1.3684629672659341e-68,3.211698800726172e-68,0.06386650222744424,0.069542454179711,1802,7718,1
210,IRF6(+),-0.11773855255660502,5.710497868182653e-63,1.2876612840019707e-62,0.12896817786615508,0.13993469326235586,1802,7718,1
211,NFE2L2(+),-0.11663522450643533,1.3899797173208897e-265,8.88042597177235e-265,0.7877362611166746,0.8540662073377319,1802,7718,1
212,HMGA2(+),-0.11148133929178751,4.1942249006797236e-26,7.420551747356434e-26,0.4371668445701469,0.4722874921826145,1802,7718,1
213,FOXO1(-),-0.09910293642157285,3.599185616394299e-111,1.034765864713361e-110,0.040219412973651614,0.043079304659178495,1802,7718,1
214,CEBPB(-),-0.0967951348869596,0.008977357623373894,0.011471068074311086,0.04893460573715709,0.052330433595511025,1802,7718,1
215,CEBPB(+),-0.09448099406653346,1.2232163655794112e-76,3.058040913948528e-76,0.14585058895929398,0.15572193822280428,1802,7718,1
216,PRDM1(+),-0.08928405695439899,1.3924997129012833e-37,2.7609908100628895e-37,0.17197679976745903,0.18295616256841982,1802,7718,1
217,GATA6(-),-0.08264453962995702,6.652510347515231e-56,1.4434692263476444e-55,0.034831632106099755,0.03688521427960625,1802,7718,1
218,KLF12(+),-0.08096504029416984,1.2532987250714867e-40,2.528585147074052e-40,0.12165310581201005,0.12867557182481348,1802,7718,1
219,KLF3(+),-0.069551577536973,1.461466005237065e-43,3.055792556404772e-43,0.11806028149715089,0.1238913329781677,1802,7718,1
220,ATF4(+),-0.06124783399177775,2.6849760034343973e-43,5.51379000705278e-43,0.12749279997437285,0.13302188399306214,1802,7718,1
221,E2F7(-),-0.06034362063332764,6.411189910602576e-07,8.673962820227014e-07,0.062491093223465626,0.06516034310681053,1802,7718,1
222,ELK3(-),-0.05901315375002209,9.99920717017378e-35,1.9489980077457366e-34,0.027200687136837074,0.02833639548653672,1802,7718,1
223,ELF3(-),-0.057198748123323935,8.142142494245734e-18,1.3004810928309157e-17,0.033749601460006926,0.035114556542152744,1802,7718,1
224,BACH2(+),-0.055808664133208896,1.5842537130593047e-21,2.6792526029679416e-21,0.15945043402299935,0.16573940971220924,1802,7718,1
225,PRDM1(-),-0.0540844946602622,4.855846825090012e-05,6.418648102130476e-05,0.04078407384313523,0.04234202849042225,1802,7718,1
226,ETS2(-),-0.04486812621712524,0.0006978679474883661,0.000911986522285933,0.027857502858350487,0.028737490193029052,1802,7718,1
227,KLF7(-),-0.03709605243150599,0.003977322715556217,0.0051392372167299435,0.03150729350076298,0.03232794685020903,1802,7718,1
228,ETV6(-),-0.03142823435119807,0.036075007940003886,0.04558929574835656,0.030890747460490437,0.03157106690365913,1802,7718,1
229,ELF2(-),-0.017046598411359595,8.692606995956185e-06,1.1623834936453038e-05,0.03132527869581738,0.031697607335463944,1802,7718,1
230,MXD1(+),-0.30986013063891193,5.326830609995184e-176,6.125855201494462e-174,0.15510395600804167,0.19226492779517496,2391,7129,0
231,BHLHE40(+),-0.29878148621000555,1.6106035386018886e-35,1.54349505782681e-34,0.16303170072396372,0.20054611309144127,2391,7129,0
232,TFAP2A(-),-0.29148346061067787,6.433194926181667e-14,3.0825725687953824e-13,0.03454366902966153,0.04227793153537204,2391,7129,0
233,HMGA2(-),-0.283689007648855,3.965590205697021e-74,1.1401071841378935e-72,0.03170433623694783,0.03859380235296968,2391,7129,0
234,EHF(-),-0.2808270477996286,2.3849967291521277e-27,1.7142163990780916e-26,0.023063441117587583,0.02801957049599187,2391,7129,0
235,THRB(-),-0.27120135158393655,1.321594134449594e-28,1.0855951818693094e-27,0.033906724961641564,0.04091905424117739,2391,7129,0
236,NR3C1(-),-0.21601055965476204,5.609312808762467e-37,6.450709730076837e-36,0.043911192983532035,0.05100360755534414,2391,7129,0
237,FOXO1(+),-0.17715523331842878,3.277425459960027e-70,6.281732131590052e-69,0.12738955531977073,0.14403328343290348,2391,7129,0
238,THRB(+),-0.17269767661304639,3.0860661221672404e-117,1.7744880202461633e-115,0.14516231523338086,0.16362176286285965,2391,7129,0
239,SOX4(+),-0.16227686384207202,1.4562623280370235e-105,5.582338924141923e-104,0.573061132124269,0.6412851114461423,2391,7129,0
240,YBX1(-),-0.15984426783427239,3.7163338111017856e-16,1.942629037621388e-15,0.025326870456917394,0.028294332320944075,2391,7129,0
241,SOX4(-),-0.1397059902102987,1.659031229999745e-10,7.338022748075796e-10,0.02260570598005354,0.024904267360069454,2391,7129,0
242,KLF4(-),-0.12110309966979435,1.937324567564741e-14,9.686622837823704e-14,0.040920972694144464,0.04450426314037248,2391,7129,0
243,IRF6(+),-0.11354684449802135,1.3897524310313376e-72,3.1964305913720767e-71,0.1298939278321424,0.1405302619816273,2391,7129,0
244,BACH2(-),-0.10981182218999212,1.9049878285494032e-09,7.824057152970763e-09,0.028829293538092007,0.031109329696352116,2391,7129,0
245,TEAD1(-),-0.10726868562034066,0.005509161976194047,0.014733805285170124,0.01929264613311459,0.020781787135474565,2391,7129,0
246,PRDM1(+),-0.10706025829141609,5.900372259105503e-68,9.693468711387612e-67,0.1710131174809479,0.1841864906700912,2391,7129,0
247,BACH2(+),-0.09505950496364017,1.260330753636157e-61,1.8117254583519755e-60,0.15656371484544288,0.16722718530969524,2391,7129,0
248,ATF1(+),-0.0887021321031567,2.614743147934412e-20,1.5826076948024074e-19,0.06665329539485937,0.07087998696240048,2391,7129,0
249,JUN(+),-0.08090450164958878,2.847513688665925e-28,2.183093827977209e-27,0.10579350992608944,0.11189578000602887,2391,7129,0
250,FOXP1(-),-0.07855502673046426,0.00016509949644983964,0.0004996432129403042,0.09456039843158551,0.0998519873519551,2391,7129,0
251,RFX3(-),-0.07524470480790434,2.6512242343192245e-32,2.3453137457439295e-31,0.031037740996709837,0.03269949296500872,2391,7129,0
252,TFAP2A(+),-0.0668518766011769,7.391516023245716e-37,7.727494024302339e-36,0.14530924488053412,0.15220105617637555,2391,7129,0
253,KLF3(+),-0.06203990318965627,3.83655668897002e-42,4.902266880350581e-41,0.11887600363684214,0.12409951051868078,2391,7129,0
254,REL(+),-0.05818739412969111,2.645597907225451e-07,9.814314817126673e-07,0.2812129554623683,0.29278678833361316,2391,7129,0
255,ETS2(-),-0.05610785639660124,7.780244479901726e-06,2.5563660433962814e-05,0.027746919592613783,0.028847283590209903,2391,7129,0
256,KLF12(+),-0.05374556548944493,4.749433172916215e-26,3.2128518522668513e-25,0.12382675516508332,0.12852674827008564,2391,7129,0
257,ELK3(+),-0.0520653621763914,5.816175736556898e-25,3.715890053911351e-24,0.1322095898882063,0.1370680372493484,2391,7129,0
258,E2F7(-),-0.050707983024309136,7.137386044931159e-06,2.41411586813848e-05,0.06296826779990453,0.06522083739338981,2391,7129,0
259,ELF1(-),-0.04774416038442063,3.5408694300714956e-06,1.2724999514319437e-05,0.027717904211644297,0.028650540172055712,2391,7129,0
260,FOSL1(+),-0.04771563707375024,7.294839395438751e-18,3.994793002264078e-17,0.2385829613134682,0.2466057864713944,2391,7129,0
261,ETV6(-),-0.047554563967718746,0.0014471831979271216,0.004059172384429732,0.030672565050938006,0.031700451430698835,2391,7129,0
262,FOXP1(+),-0.042382818154118186,1.2063505029671986e-09,5.138159549675105e-09,0.4892593969673367,0.5038458378205978,2391,7129,0
263,TCF12(-),-0.04150225332888885,0.00010480216868596173,0.0003347847055245999,0.028675296562153334,0.02951218343899441,2391,7129,0
264,JUN(-),-0.03881472145599413,0.0029654612908853926,0.008119715439329052,0.040701566499577665,0.04181147803747643,2391,7129,0
265,EHF(+),-0.03719146266940723,4.0310068146793124e-18,2.3178289184406048e-17,0.12425413295586489,0.1274989443995288,2391,7129,0
266,STAT1(-),-0.03713454694433387,0.00045828981812829803,0.001317583227118857,0.03797051797828632,0.038960554963390626,2391,7129,0
267,GATA6(-),-0.03584172148267208,1.040076812015009e-12,4.784353335269041e-12,0.03582172642099895,0.036722813437029676,2391,7129,0
268,PRDM1(-),-0.03102882918526022,0.007954739671328025,0.01988684917832006,0.041373557862804757,0.04227303971166265,2391,7129,0
269,CLOCK(+),-0.020913472745615398,0.0001392139595345493,0.00043269203639116676,0.11118717138140218,0.1128106923247862,2391,7129,0
270,EGR1(+),-0.0208277352609217,1.718681077885355e-08,6.815459446786753e-08,0.11534561230703512,0.1170228988027125,2391,7129,0
271,KLF7(+),-0.020647106408472195,3.971918125245344e-08,1.522568614677382e-07,0.1332783288108474,0.13519945372512598,2391,7129,0
272,ILF2(-),-0.020412148137885347,0.005925278963775373,0.015486524564412905,0.035321761783263274,0.035825068236643255,2391,7129,0
273,NFIA(-),-0.016969091280231042,0.011222566226898082,0.027459470555176155,0.049785021307633265,0.05037405394515436,2391,7129,0
274,KLF5(+),-0.01695551690939199,4.817299940730743e-06,1.6787560399516224e-05,0.1400031465644072,0.14165826415368132,2391,7129,0
275,SMAD3(+),-0.012847820958674535,0.00027570335615944344,0.0008129714348291281,0.1400355949935165,0.1412882417143096,2391,7129,0
276,ELF3(+),-0.012632228126288041,0.013581171796483351,0.032538224095741364,0.13306338342576496,0.13423360126291423,2391,7129,0
277,ELF2(+),-0.010736761168256607,0.006341535832700011,0.016206147128011137,0.11660221454917265,0.11747322346789384,2391,7129,0
278,TEAD1(-),-1.7381496155990828,1.498643688238157e-07,1.914933601637645e-07,0.006230974749797427,0.02078697105857692,248,9272,6
279,TCF7L2(-),-1.6672442079284904,6.937551927394016e-18,1.0361278852601452e-17,0.009265881666676617,0.029429121525818024,248,9272,6
280,MXD1(-),-1.6249664500180467,1.908436687013448e-33,3.429222171977289e-33,0.021720128988458914,0.06699248026162023,248,9272,6
281,MYC(-),-1.483326136504715,4.127052087274932e-15,5.8593949387236694e-15,0.01095457481987604,0.030628181487853172,248,9272,6
282,NFE2L2(-),-1.4678810551630952,1.2768583590775617e-14,1.7907159913892635e-14,0.008794843929074592,0.02432788735246123,248,9272,6
283,HLTF(+),-1.4054169482474308,1.1852067666752359e-25,2.0343101219052557e-25,0.036509904862017065,0.09671266849471517,248,9272,6
284,NR2F6(-),-1.3333419661609587,1.6197795835546035e-23,2.6610664586968487e-23,0.01703230391673783,0.04291897480431482,248,9272,6
285,CEBPB(-),-1.3258495292911503,8.823497322269632e-24,1.470582887044939e-23,0.020946937345334277,0.05250987980660801,248,9272,6
286,SOX9(-),-1.2547314194594805,5.232125985291168e-18,7.91703274090111e-18,0.022665026936469344,0.05408390539342915,248,9272,6
287,ATF4(-),-1.1747024854936265,5.839612832939839e-10,7.808784602186994e-10,0.011869109928534401,0.02679408042883291,248,9272,6
288,FOS(+),-1.1120799615837689,6.034947185943366e-65,1.1965843558335986e-64,0.19788415949455793,0.42774058374292123,248,9272,6
289,MYC(+),-0.9849958410939132,3.950381815444738e-137,2.1633043275054517e-136,0.08914447214603809,0.17644433282038816,248,9272,6
290,CEBPD(+),-0.9847690621111087,6.125769514585403e-144,5.870529118144345e-143,0.08004144710788091,0.15840174479603517,248,9272,6
291,HIF1A(+),-0.9753119163954125,1.5944949326344998e-125,6.112230575098916e-125,0.08334894440350414,0.16386954523594552,248,9272,6
292,HMGA2(+),-0.9664612226245599,1.7019741244119153e-78,3.6245745242105604e-78,0.24136555950065175,0.4716383584797963,248,9272,6
293,RUNX1(+),-0.9534086275661422,2.87839145063731e-81,6.365673400447897e-81,0.2242912752118781,0.4343271479218546,248,9272,6
294,ATF3(+),-0.9425135677785428,4.207190850314149e-111,1.2095673694653179e-110,0.30385313247564316,0.5839673603969379,248,9272,6
295,JUND(+),-0.931075249983792,5.0391686575543636e-151,5.795043956187518e-149,0.08679241933203186,0.16548680654239592,248,9272,6
296,REL(+),-0.9245323291427409,3.9717124157382905e-52,7.612448796831723e-52,0.15462954598544404,0.29349752622265524,248,9272,6
297,CEBPB(+),-0.919807299680667,5.045339417777334e-150,2.901070165221967e-148,0.08233491861345701,0.1557663525336622,248,9272,6
298,FOSB(+),-0.9130534172502912,7.961778342473949e-142,5.72252818365315e-141,0.04460452267278404,0.08399150573142528,248,9272,6
299,TCF7L2(+),-0.904028629649188,2.4855795851835767e-75,5.104315219573416e-75,0.2092034788752896,0.3914791508535142,248,9272,6
300,ILF2(+),-0.9019019181443887,4.874388817843438e-148,1.1211094281039908e-146,0.07222999360625887,0.1349637416079352,248,9272,6
301,BHLHE40(+),-0.8937679517315295,4.2556508538252646e-24,7.19705659102802e-24,0.10411680604177809,0.19345136634615184,248,9272,6
302,SMAD1(+),-0.8861631271992585,8.243582104504337e-103,2.1066932044844416e-102,0.09394589567978949,0.1736358893430649,248,9272,6
303,PITX1(+),-0.8831980134400165,2.2937110951910907e-149,8.792559198232514e-148,0.07322934835950833,0.13506855895386968,248,9272,6
304,KLF4(+),-0.8810879401735343,1.017154908971022e-100,2.5428872724275545e-100,0.05786147283502908,0.10656715862565226,248,9272,6
305,NFIC(+),-0.8742801069149582,3.7317593502490426e-144,3.9013847752603626e-143,0.07813862713284861,0.14323538372995556,248,9272,6
306,NFIA(+),-0.8716133107770263,1.611562616414333e-142,1.2355313392509886e-141,0.07340648378095498,0.13431242039137978,248,9272,6
307,RFX3(+),-0.870532124025592,1.3159889738121753e-135,6.879033272200007e-135,0.05912045128350759,0.10809211767124423,248,9272,6
308,JUN(+),-0.86863090845536,3.2976043051621455e-124,1.1491651366474142e-123,0.06116289909188191,0.11167913059981406,248,9272,6
309,FOXP1(+),-0.867553949355435,7.767137128404759e-74,1.567053982046574e-73,0.27740343202738893,0.506141085507891,248,9272,6
310,NFKB1(+),-0.8649406611495047,4.6024872159148856e-92,1.0585720596604237e-91,0.09200897951226447,0.16757271244336946,248,9272,6
311,ELF3(+),-0.8614047696911465,2.694116978573608e-148,7.745586313399123e-147,0.07459625704573952,0.13552696520998367,248,9272,6
312,ETV6(+),-0.8564134638002896,9.673399434136203e-146,1.5892013356080905e-144,0.07263189088033294,0.1315023441500672,248,9272,6
313,GATA6(+),-0.8560967771600748,2.3357598232534807e-145,3.3576547459268787e-144,0.07496263425329713,0.13569243981225265,248,9272,6
314,ETS2(+),-0.8536276179596096,1.3232942443187964e-144,1.5217883809666159e-143,0.07498422023324908,0.13549940878536604,248,9272,6
315,SMAD2(-),-0.8512952665126969,2.62236944965762e-07,3.309846347070326e-07,0.014617353704798676,0.026371460324768285,248,9272,6
316,FOXP1(-),-0.8496532062704547,4.939675120866076e-12,6.7626504630904615e-12,0.05531351969866191,0.09967870767868207,248,9272,6
317,ELF1(+),-0.8481392352123339,1.0538796006423404e-144,1.3466239341541016e-143,0.07346342508441471,0.13224721211854132,248,9272,6
318,YY1(+),-0.8475255645895056,8.197028026845172e-146,1.571097038478658e-144,0.07686487827438328,0.13831158662196372,248,9272,6
319,NFE2L2(+),-0.847137116411972,6.352144249149133e-141,4.058314381400835e-140,0.4732600564643875,0.8513605734212372,248,9272,6
320,ELF2(+),-0.8319991603391356,9.823078422125166e-144,8.68964629649534e-143,0.06662839688517731,0.11860857017495266,248,9272,6
321,TEAD1(+),-0.830945310764152,1.0928923972053597e-141,7.393095628153903e-141,0.08281425534397982,0.14731418475033317,248,9272,6
322,STAT1(+),-0.8260619822260632,1.7135959620446298e-127,7.298649467967868e-127,0.05915349869652774,0.10486966354685326,248,9272,6
323,EGR1(+),-0.8182970490005426,7.876753072591731e-140,4.5291330167402454e-139,0.0668802723481476,0.11793154627354606,248,9272,6
324,KLF6(+),-0.809143519179072,5.6007359424134564e-129,2.57633853351019e-128,0.08254149978163904,0.14462681696350804,248,9272,6
325,ARID5B(+),-0.808586217835518,6.451470191340623e-117,2.060886311122699e-116,0.0872714963765213,0.15285552123382848,248,9272,6
326,CLOCK(+),-0.806975164700626,3.233665519360671e-143,2.6562252480462652e-142,0.06497228445890163,0.11367157310294675,248,9272,6
327,PRDM1(+),-0.8005050390369778,6.980522969531595e-123,2.3610592396945101e-122,0.10501573119009554,0.18290702702209638,248,9272,6
328,MXD1(+),-0.7884521855894245,1.0499036048370539e-77,2.1952529919320218e-77,0.10708559157255383,0.18496041871840285,248,9272,6
329,KLF5(+),-0.7841360414780709,7.800443907565425e-129,3.450196343730861e-128,0.08292529456072671,0.14280239598102185,248,9272,6
330,TFAP2A(+),-0.781494125525328,1.3493495337499235e-125,5.350868840732455e-125,0.08850235991424989,0.1521276044792936,248,9272,6
331,EHF(+),-0.7810940089240009,8.428905961944516e-134,4.214452980972257e-133,0.07453235914440992,0.12807890222755502,248,9272,6
332,FOXO1(+),-0.7802231853481516,1.7958900151691997e-90,4.049555916558e-90,0.08232910844551096,0.14139172621529886,248,9272,6
333,KLF7(+),-0.776600452126348,1.2968981794157162e-125,5.326546094028835e-125,0.07950186364274042,0.1361938015109757,248,9272,6
334,E2F7(+),-0.7748583425439155,4.2946821418864135e-113,1.2663806315818912e-112,0.07162894940940352,0.12255871176488317,248,9272,6
335,ATF4(+),-0.7721838943263336,1.9011957490983863e-140,1.150723742875339e-139,0.078119020142075,0.13341581203807595,248,9272,6
336,NR3C1(+),-0.7708964604387527,3.1881210346400986e-114,9.64826102588451e-114,0.07850591853383529,0.13395698361448707,248,9272,6
337,THRB(+),-0.7678958673107504,7.932618517098175e-106,2.1215142545727676e-105,0.09438276799205975,0.16071351560723812,248,9272,6
338,SMAD3(+),-0.7658062735746801,2.3896088749158494e-125,8.864678084365247e-125,0.0838092941477351,0.14250261840618794,248,9272,6
339,KLF3(+),-0.7579754434065059,4.420675236283779e-133,2.1182402173859777e-132,0.07338875251316983,0.12410887883521314,248,9272,6
340,ELK3(+),-0.7578142191627243,1.9957613152514426e-124,7.172267226684871e-124,0.08120362663222858,0.13730939037624187,248,9272,6
341,SOX4(+),-0.7508370081716305,9.702188428723615e-96,2.2770442230677874e-95,0.37486899365225373,0.630817861948116,248,9272,6
342,KLF12(+),-0.7499631116825632,5.347471008536922e-117,1.757026188519274e-116,0.07653070135441338,0.12870549461618394,248,9272,6
343,THRB(-),-0.7293969136791124,5.2147476861139e-18,7.91703274090111e-18,0.023865018839391974,0.03956691031023179,248,9272,6
344,BACH2(+),-0.7269906271101841,1.0065383723794126e-110,2.823217385942255e-110,0.100450204553368,0.16626345939808412,248,9272,6
345,IRF6(+),-0.7120507703200089,1.2532961788474976e-109,3.431644299225291e-109,0.08501896615711839,0.139272208316081,248,9272,6
346,FOSL1(+),-0.6950181367852584,1.0376555102682724e-116,3.225145504887874e-116,0.15260391062106413,0.2470512017278958,248,9272,6
347,IRF6(-),-0.6881544231350882,2.65001892940112e-09,3.502898584840561e-09,0.02255108074370929,0.03633477626028948,248,9272,6
348,NFIC(-),-0.5937930156916926,5.268839481622705e-07,6.515231617060335e-07,0.02522769468108144,0.03807387511362775,248,9272,6
349,FOXA1(-),-0.5759066609853809,1.4454588783279657e-105,3.777903886539001e-105,0.0463300425217693,0.06906020791926906,248,9272,6
350,KLF10(-),-0.5491922052815627,2.238270944195184e-99,5.4766203953711946e-99,0.05456545097679857,0.07984377803456352,248,9272,6
351,ATF1(+),-0.4992940447873257,1.0108817020476397e-49,1.9057605858275174e-49,0.0497725644480128,0.07035460098802372,248,9272,6
352,E2F7(-),-0.48664542110075026,2.3067885542778085e-35,4.2108045038404446e-35,0.04648997060591234,0.06514095830206898,248,9272,6
353,YY1(-),-0.46809733435031403,1.5396551981556871e-12,2.133257202263904e-12,0.019998063879050634,0.02766300121671337,248,9272,6
354,NFIA(-),-0.4613465161412206,3.2028141607023635e-79,6.949502424165505e-79,0.036741591564733736,0.050586788375054155,248,9272,6
355,BACH2(-),-0.4583927263403024,3.624789118570071e-19,5.633118224804841e-19,0.022383216639917852,0.030754768607438872,248,9272,6
356,HLTF(-),-0.45439218860111436,5.804155119374358e-16,8.343472984100639e-16,0.0250898881696792,0.03437830092780982,248,9272,6
357,EHF(-),-0.34675149730553473,0.0006297600396198468,0.0007704511123008764,0.02117228238520363,0.02692466347568464,248,9272,6
358,PRDM1(-),-0.3241163576485977,6.7720736760024076e-21,1.0968851728736294e-20,0.033763699338296066,0.04226868847266074,248,9272,6
359,CTCF(-),-0.31593627325858725,1.8813124449789187e-17,2.7386193819313372e-17,0.030455439379696022,0.037911517390902406,248,9272,6
360,NR3C1(-),-0.3088004916322589,2.3281371827338183e-10,3.1498326589928134e-10,0.0399382688801655,0.049470630932203656,248,9272,6
361,FOXO1(-),-0.30714429211827965,1.9728238695456125e-97,4.72655718745303e-97,0.03455349778439701,0.04275153020788717,248,9272,6
362,GATA6(-),-0.2732443475265588,3.272019798959914e-61,6.37766570983712e-61,0.030335625579999928,0.03666128663949018,248,9272,6
363,KLF3(-),-0.27069719062724956,2.6478770776562606e-07,3.309846347070326e-07,0.040319799046732906,0.04864143007810716,248,9272,6
364,ATF1(-),-0.2511975035420819,9.565598853128834e-48,1.7742643034029288e-47,0.0342368421575554,0.04074850558790246,248,9272,6
365,NFKB1(-),-0.2203864597270129,0.0006843011681251024,0.0008283645719409134,0.040256987225813154,0.046901227188843736,248,9272,6
366,PITX1(-),-0.21496811840763058,1.4534369443537722e-17,2.1428878025728692e-17,0.02681692935276829,0.03112582718627054,248,9272,6
367,KLF12(-),-0.19778284046767022,1.3948845023438395e-07,1.8023788513431635e-07,0.029076121413371077,0.03334840316072647,248,9272,6
368,FOSL1(-),-0.1963956729779631,8.562813312067674e-20,1.3489363436818938e-19,0.023199270563849243,0.02658246929474089,248,9272,6
369,RFX3(-),-0.18461023961256995,1.3856537740885023e-27,2.4515412926181196e-27,0.02849377984521742,0.03238346275550739,248,9272,6
370,ELF3(-),-0.1769713626089099,1.114884365853722e-25,1.9426015465633037e-25,0.030925323537215384,0.03496132970082391,248,9272,6
371,GRHL2(-),-0.10465288289002127,0.008722354294821988,0.01044865358233884,0.035166600967960905,0.037812383271024964,248,9272,6
372,ELK3(-),-0.09959826296039223,8.891557351626128e-21,1.420179299218062e-20,0.026291209464258374,0.02817037517671854,248,9272,6
373,KLF4(-),-0.09287008975462893,0.016846395081548376,0.019972530251320238,0.040952323596367954,0.04367523310909338,248,9272,6
374,ELF2(-),-0.04485243395670405,4.68774837757845e-08,6.126034811608201e-08,0.030683459549758436,0.03165237140386462,248,9272,6
