"","myAUC","avg_diff","power","avg_log2FC","pct.1","pct.2","cluster","gene"
"NPM1",0.749,0.471636518616672,0.498,0.708433466282123,0.991,0.884,"0","NPM1"
"RPL23",0.733,0.348831262038436,0.466,0.512062679551381,1,0.957,"0","RPL23"
"RPL30",0.73,0.35195282943919,0.46,0.519055758630578,0.998,0.947,"0","RPL30"
"RPL9",0.727,0.39779165960617,0.454,0.595257983781012,0.994,0.916,"0","RPL9"
"1110038B12RIK",0.726,0.592621222981985,0.452,0.948190350881977,0.907,0.641,"0","1110038B12RIK"
"RPS10",0.716,0.335834857293426,0.432,0.495765570476427,0.999,0.94,"0","RPS10"
"RPS7",0.71,0.331838356497047,0.42,0.492902090692749,0.997,0.932,"0","RPS7"
"RPL26",0.708,0.289066509631522,0.416,0.425031287609176,0.999,0.953,"0","RPL26"
"RPL32",0.705,0.302168055588779,0.41,0.445064164400604,0.999,0.948,"0","RPL32"
"HSPA5",0.701,0.561886249126456,0.402,0.841927624023254,0.961,0.834,"0","HSPA5"
"COL1A2",0.729,0.798474901532703,0.458,1.33774868092976,0.805,0.424,"1","COL1A2"
"SPP1",0.725,0.521181429678736,0.45,0.76455834646801,0.994,0.909,"1","SPP1"
"HMGA2",0.724,0.575974945443849,0.448,0.879337408897356,0.965,0.762,"1","HMGA2"
"S100A4",0.72,0.538265835088882,0.44,0.818711882913568,0.958,0.732,"1","S100A4"
"ERO1A",0.778,0.784798207451926,0.556,1.20651802747072,0.959,0.61,"2","ERO1A"
"PDGFRA",0.755,0.636491863437779,0.51,0.986021545383795,0.97,0.747,"2","PDGFRA"
"HMOX1",0.712,0.767698147575893,0.424,1.43288200490465,0.678,0.287,"2","HMOX1"
"HSPA51",0.772,0.887985082839523,0.544,1.32333753944818,0.984,0.844,"3","HSPA5"
"FTL1",0.765,0.542113798022861,0.53,0.800915968104133,0.996,0.937,"3","FTL1"
"ALDOA",0.76,0.597110751363225,0.52,0.926125763346632,0.966,0.784,"3","ALDOA"
"ERO1A1",0.748,0.702354695987101,0.496,1.07684364553097,0.956,0.634,"3","ERO1A"
"MALAT1",0.736,0.389488176294903,0.472,0.564416800382613,0.997,0.933,"3","MALAT1"
"BNIP3",0.71,0.731617085959484,0.42,1.38412105822675,0.694,0.348,"3","BNIP3"
"NUPR1",0.706,0.655185930698759,0.412,1.09791858561008,0.798,0.499,"3","NUPR1"
"FTH1",0.705,0.528119862961959,0.41,0.774952124467794,0.996,0.951,"3","FTH1"
"HSP90B1",0.705,0.594399592555241,0.41,0.9165200523494,0.937,0.79,"3","HSP90B1"
"RPS3",0.702,0.364820058096822,0.404,0.546805413273519,0.988,0.92,"3","RPS3"
"TOP2A",0.904,1.64155008293754,0.808,3.02204543833326,0.915,0.174,"4","TOP2A"
"H2AZ1",0.835,0.818062484505941,0.67,1.28099846438019,0.986,0.723,"4","H2AZ1"
"HMGB2",0.831,1.02396288397575,0.662,1.85982954825689,0.884,0.286,"4","HMGB2"
"LGALS1",0.829,0.717320488261624,0.658,1.06794841138984,0.999,0.866,"4","LGALS1"
"SMC2",0.828,1.21070426348564,0.656,2.71723159499975,0.768,0.126,"4","SMC2"
"HMGB1",0.804,0.753013340722178,0.608,1.21539490549482,0.967,0.648,"4","HMGB1"
"S100A41",0.8,0.806653034518845,0.6,1.21885686543554,0.982,0.749,"4","S100A4"
"NFKBIA",0.799,0.855258276237983,0.598,1.35297775695908,0.946,0.573,"4","NFKBIA"
"CCND1",0.796,0.81833458399616,0.592,1.32860760103218,0.939,0.527,"4","CCND1"
"SMC4",0.778,0.89901469307229,0.556,1.82471190904961,0.768,0.229,"4","SMC4"
"PCLAF",0.777,1.13753036721565,0.554,3.42046945913555,0.604,0.05,"4","PCLAF"
"MKI67",0.776,1.11257894928722,0.552,2.57052921892562,0.643,0.083,"4","MKI67"
"H3F3B",0.774,0.575157366428725,0.548,0.8489555443155,0.998,0.916,"4","H3F3B"
"ATAD2",0.772,0.958184366181718,0.544,2.08512624073906,0.713,0.18,"4","ATAD2"
"RRM2",0.772,1.13581340458744,0.544,3.43219476199504,0.597,0.055,"4","RRM2"
"PPIA",0.765,0.476902539451254,0.53,0.719118184650744,0.998,0.883,"4","PPIA"
"MCM3",0.756,1.02155943777388,0.512,2.91522030683701,0.593,0.081,"4","MCM3"
"TUBA1B",0.743,0.624561580243659,0.486,1.04302182804024,0.907,0.587,"4","TUBA1B"
"CENPM",0.74,0.950496836928514,0.48,2.25629518348227,0.603,0.124,"4","CENPM"
"PTMA",0.735,0.398339588804653,0.47,0.596201375428747,0.997,0.92,"4","PTMA"
"TUBB5",0.733,0.554758850714353,0.466,0.887019169694901,0.941,0.67,"4","TUBB5"
"SRSF3",0.729,0.619561069880382,0.458,1.11202590847781,0.845,0.445,"4","SRSF3"
"AI506816",0.729,0.759934199261463,0.458,1.59116464985376,0.694,0.251,"4","AI506816"
"D17H6S56E-5",0.722,0.876162871042287,0.444,2.80949622893852,0.515,0.071,"4","D17H6S56E-5"
"RANBP1",0.715,0.637385222309561,0.43,1.27345652517652,0.723,0.313,"4","RANBP1"
"HNRNPAB",0.712,0.521011675259772,0.424,0.886761870672979,0.895,0.582,"4","HNRNPAB"
"S100A6",0.712,0.40968076889432,0.424,0.608865139370396,0.996,0.897,"4","S100A6"
"PCNA",0.71,0.741682207956928,0.42,1.78069016412895,0.596,0.178,"4","PCNA"
"TOPBP1",0.709,0.756583005616924,0.418,2.028921001655,0.545,0.123,"4","TOPBP1"
"STMN1",0.709,0.787078867193241,0.418,2.12847543835731,0.536,0.118,"4","STMN1"
"HSP90AA1",0.705,0.376692810670085,0.41,0.578456937803821,0.989,0.836,"4","HSP90AA1"
"NDUFA4",0.705,0.547552455994319,0.41,0.957081263832836,0.837,0.507,"4","NDUFA4"
"CENPE",0.705,0.782354613457348,0.41,1.99676154255432,0.51,0.091,"4","CENPE"
"S100A10",0.705,0.46856387281123,0.41,0.749094806650456,0.94,0.686,"4","S100A10"
"BIRC5",0.704,0.812459592788318,0.408,2.7334042456307,0.469,0.056,"4","BIRC5"
"BRCA2",0.704,0.781388508411395,0.408,2.21059480924174,0.516,0.107,"4","BRCA2"
"NSD2",0.703,0.662192812525719,0.406,1.45465178051328,0.639,0.232,"4","NSD2"
"IFITM3",0.861,1.25644061562491,0.722,1.97659648260611,0.958,0.523,"5","IFITM3"
"SERPINH1",0.765,0.897123752660244,0.53,1.58957433712966,0.815,0.427,"5","SERPINH1"
"SLPI",0.759,1.38681022209016,0.518,2.16067965427718,0.824,0.465,"5","SLPI"
"IFITM2",0.757,0.967081351192702,0.514,1.73853010431457,0.778,0.387,"5","IFITM2"
"COL1A21",0.754,0.951583875672373,0.508,1.5621445198274,0.841,0.458,"5","COL1A2"
"ISG15",0.743,1.23811180578114,0.486,2.60916452815774,0.609,0.158,"5","ISG15"
"NUPR11",0.74,0.888523139503193,0.48,1.47100334976367,0.818,0.502,"5","NUPR1"
"DCN",0.736,0.881589003189381,0.472,1.47688891444229,0.785,0.418,"5","DCN"
"BST2",0.725,0.974467386446333,0.45,1.92032359938517,0.637,0.242,"5","BST2"
"ACTB",0.724,0.451902643270917,0.448,0.674196900261557,0.996,0.908,"5","ACTB"
"PMEPA1",0.712,0.61388494843838,0.424,0.987786254617643,0.9,0.653,"5","PMEPA1"
"RAP1B",0.707,0.489375769350629,0.414,0.766877769283724,0.952,0.775,"5","RAP1B"
"RBP1",0.707,0.75853796213949,0.414,1.38033425077768,0.703,0.359,"5","RBP1"
"S100A42",0.705,0.503453276210284,0.41,0.763889356983708,0.952,0.754,"5","S100A4"
"TEX14",0.923,2.33684332857542,0.846,3.61239606264822,0.965,0.464,"6","TEX14"
"B930036N10RIK",0.762,1.32555989827091,0.524,2.48649611746133,0.69,0.241,"6","B930036N10RIK"
"GM57184",0.759,1.54581708697274,0.518,3.50267557770545,0.593,0.109,"6","GM57184"
"VMP1",0.754,1.00264652745883,0.508,1.71677648463731,0.8,0.455,"6","VMP1"
"GM36220",0.752,1.09067822193769,0.504,2.27821543316132,0.649,0.206,"6","GM36220"
"DANCR",0.741,1.19586057815492,0.482,2.67629984592207,0.592,0.15,"6","DANCR"
"RDM1",0.708,1.27943286736589,0.416,3.21149420326679,0.49,0.1,"6","RDM1"
"RPS8",0.905,0.992245560518912,0.81,1.44931949502192,0.995,0.97,"7","RPS8"
"EEF1A1",0.835,0.764514332297194,0.67,1.11606254260452,0.989,0.971,"7","EEF1A1"
"RPS20",0.834,0.797483348103691,0.668,1.1664927136884,0.985,0.963,"7","RPS20"
"RPL6",0.806,0.827108360780945,0.612,1.22845875301314,0.935,0.942,"7","RPL6"
"RPS3A1",0.805,0.686096129834703,0.61,1.00587822126809,0.977,0.96,"7","RPS3A1"
"HSP90AB1",0.795,0.896545151948963,0.59,1.32095357415808,0.954,0.958,"7","HSP90AB1"
"RPL13",0.794,0.689600665153687,0.588,1.01182330109073,0.975,0.96,"7","RPL13"
"RPL21",0.789,0.81269911474128,0.578,1.2124290160808,0.911,0.93,"7","RPL21"
"RPL261",0.785,0.662751416190009,0.57,0.971603347471813,0.976,0.96,"7","RPL26"
"RPLP1",0.784,0.712638718819629,0.568,1.04875269352456,0.96,0.951,"7","RPLP1"
"RPS24",0.776,0.718349527433916,0.552,1.05945585423403,0.957,0.949,"7","RPS24"
"RPS26",0.776,0.781567100553647,0.552,1.15583673177117,0.942,0.941,"7","RPS26"
"RPL19",0.772,0.654374381277138,0.544,0.964329274053926,0.949,0.952,"7","RPL19"
"RPSA",0.769,0.681751375140139,0.538,1.00686045322948,0.942,0.947,"7","RPSA"
"RPS27A",0.768,0.713295638581303,0.536,1.05825864596032,0.921,0.94,"7","RPS27A"
"RPL231",0.766,0.626538181265385,0.532,0.917612010309824,0.977,0.964,"7","RPL23"
"EEF1B2",0.765,0.771095075647438,0.53,1.15119635836942,0.901,0.921,"7","EEF1B2"
"RPS12",0.764,0.771157574795149,0.528,1.13734390873725,0.931,0.946,"7","RPS12"
"RPL34",0.764,0.701938399348936,0.528,1.04031150720758,0.923,0.945,"7","RPL34"
"RPLP0",0.763,0.71012196644376,0.526,1.05005746734079,0.929,0.95,"7","RPLP0"
"RPL17",0.762,0.699188211223992,0.524,1.03318169971307,0.943,0.947,"7","RPL17"
"TPT1",0.76,0.677315285215706,0.52,0.99462413557209,0.959,0.957,"7","TPT1"
"RPS101",0.757,0.627526828251522,0.514,0.923485971474578,0.955,0.95,"7","RPS10"
"RPS71",0.757,0.67213620401239,0.514,0.994030680995163,0.941,0.943,"7","RPS7"
"RPL22",0.757,0.765524924168761,0.514,1.14905669619012,0.88,0.913,"7","RPL22"
"RPS9",0.755,0.774045659319501,0.51,1.16041133775821,0.878,0.917,"7","RPS9"
"RPS4X",0.754,0.726119275443927,0.508,1.08347367122554,0.893,0.923,"7","RPS4X"
"RPL301",0.754,0.641371956898755,0.508,0.943060257610589,0.959,0.955,"7","RPL30"
"RPL7",0.751,0.618843411684602,0.502,0.91332121507437,0.955,0.948,"7","RPL7"
"RPL24",0.748,0.762389361826174,0.496,1.14172852324789,0.876,0.923,"7","RPL24"
"RPL8",0.746,0.572263939650464,0.492,0.842881091787639,0.946,0.955,"7","RPL8"
"RPL23A",0.742,0.724996406491055,0.484,1.08483237884519,0.882,0.92,"7","RPL23A"
"RPL37",0.74,0.616541973779369,0.48,0.913186157319541,0.927,0.946,"7","RPL37"
"RPL27A",0.74,0.682546037065473,0.48,1.01302245380196,0.914,0.94,"7","RPL27A"
"FAU",0.738,0.665384304975154,0.476,0.979278591368398,0.948,0.954,"7","FAU"
"RPL321",0.738,0.579478119416297,0.476,0.851240068069622,0.956,0.956,"7","RPL32"
"RPL28",0.73,0.618603318345115,0.46,0.916018172225948,0.917,0.945,"7","RPL28"
"RPS23",0.722,0.608038603085535,0.444,0.903092049715601,0.914,0.941,"7","RPS23"
"RPS16",0.722,0.619984647905012,0.444,0.919727876678014,0.909,0.941,"7","RPS16"
"RPL41",0.721,0.65487937082047,0.442,0.975416993875534,0.882,0.934,"7","RPL41"
"RPS15A",0.716,0.652912464735672,0.432,0.975880048319985,0.876,0.926,"7","RPS15A"
"RPL18A",0.71,0.577574527381667,0.42,0.861503622795366,0.897,0.933,"7","RPL18A"
"RACK1",0.707,0.579257558986819,0.414,0.858767810265904,0.9,0.94,"7","RACK1"
"RPL13A",0.703,0.643926358648197,0.406,0.967230906716536,0.851,0.917,"7","RPL13A"
"RPS21",0.703,0.646321044503396,0.406,0.967631400546569,0.864,0.922,"7","RPS21"
"S100A61",0.701,0.826741842340939,0.402,1.22368959176887,0.846,0.909,"7","S100A6"
"MALAT11",0.894,1.29839162674386,0.788,1.87928590715953,0.997,0.935,"8","MALAT1"
"MT-ND1",0.882,1.32535389314574,0.764,1.94291996994369,0.947,0.974,"8","MT-ND1"
"MT-CYTB",0.876,1.28030571607703,0.752,1.88457352642168,0.943,0.962,"8","MT-CYTB"
"MT-ND4",0.873,1.31847375196258,0.746,1.94293858918764,0.925,0.961,"8","MT-ND4"
"MT-CO2",0.87,1.15187193097856,0.74,1.68263401352484,0.956,0.983,"8","MT-CO2"
"MT-CO1",0.86,1.0285443272375,0.72,1.494566246667,0.97,0.991,"8","MT-CO1"
"MT-ATP6",0.844,1.07430611506051,0.688,1.57508717221169,0.937,0.976,"8","MT-ATP6"
"MT-ND2",0.836,1.1946105695054,0.672,1.76724528021146,0.908,0.945,"8","MT-ND2"
"MT-CO3",0.821,0.927193164204998,0.642,1.35715384451204,0.949,0.98,"8","MT-CO3"
"TOP2A1",0.849,1.41129768974204,0.698,2.53842429426605,0.848,0.204,"9","TOP2A"
"MKI671",0.846,1.5043194482212,0.692,3.23098153926212,0.778,0.097,"9","MKI67"
"CENPE1",0.829,1.57943865287936,0.658,3.56598675643141,0.731,0.096,"9","CENPE"
"HMGB21",0.827,1.04254596174506,0.654,1.8641112145105,0.884,0.308,"9","HMGB2"
"LGALS11",0.797,0.654084032368636,0.594,0.973441083990511,0.996,0.871,"9","LGALS1"
"HMGB11",0.792,0.738325577585668,0.584,1.18726126627477,0.952,0.66,"9","HMGB1"
"H2AZ11",0.786,0.707111854404514,0.572,1.10692712690439,0.965,0.733,"9","H2AZ1"
"UBE2C",0.774,1.46350975653454,0.548,4.05547922662227,0.588,0.05,"9","UBE2C"
"SMC21",0.769,1.00417237274059,0.538,2.21175289231852,0.686,0.154,"9","SMC2"
"CENPF",0.768,1.43914894149427,0.536,3.99353261752274,0.578,0.049,"9","CENPF"
"SMC41",0.763,0.886140238526242,0.526,1.76693036195703,0.746,0.25,"9","SMC4"
"CCND11",0.759,0.717538641144058,0.518,1.16384820304707,0.911,0.544,"9","CCND1"
"IFITM31",0.758,0.873783478476452,0.516,1.3816828789301,0.893,0.537,"9","IFITM3"
"S100A101",0.75,0.635820153246369,0.5,1.00787025242972,0.965,0.694,"9","S100A10"
"PRC1",0.749,1.13905396797496,0.498,3.43859361715224,0.552,0.059,"9","PRC1"
"CENPA",0.744,1.13057987724588,0.488,3.41691868812722,0.542,0.062,"9","CENPA"
"HMMR",0.734,1.14427896426841,0.468,3.86107928159994,0.506,0.043,"9","HMMR"
"ANLN",0.731,0.969193909906905,0.462,2.66613109283098,0.554,0.094,"9","ANLN"
"S100A43",0.726,0.5694883909135,0.452,0.862344797087809,0.968,0.758,"9","S100A4"
"ACTB1",0.719,0.459166769514177,0.438,0.684674936774092,0.999,0.91,"9","ACTB"
"TPX2",0.717,0.853180590092252,0.434,2.27126343044298,0.546,0.116,"9","TPX2"
"BIRC51",0.709,0.838202214783876,0.418,2.63780604604659,0.49,0.07,"9","BIRC5"
"PPIA1",0.709,0.386872950302397,0.418,0.583787596562623,0.992,0.888,"9","PPIA"
"CKS1B",0.709,0.700483893211146,0.418,1.5373222909975,0.637,0.23,"9","CKS1B"
"PTTG1",0.703,0.819442082496301,0.406,2.04452088418331,0.548,0.154,"9","PTTG1"
"HMGB22",0.911,1.67707906287094,0.822,2.88102363291129,0.94,0.315,"10","HMGB2"
"TXNIP",0.865,1.75081525519999,0.73,2.79934626716944,0.908,0.468,"10","TXNIP"
"MKI672",0.831,1.54071957174496,0.662,3.21703021081449,0.752,0.109,"10","MKI67"
"HSP90AA11",0.815,0.766598374484921,0.63,1.16499129587392,0.984,0.844,"10","HSP90AA1"
"SMC42",0.812,1.19705548346994,0.624,2.29367607237509,0.793,0.257,"10","SMC4"
"SNHG1",0.797,1.17142648867456,0.594,2.13495323046377,0.796,0.346,"10","SNHG1"
"NFKBIA1",0.794,1.49217333700026,0.588,2.30983773547976,0.906,0.594,"10","NFKBIA"
"ODC1",0.789,1.13866437398308,0.578,2.17492580993571,0.774,0.289,"10","ODC1"
"JUNB",0.788,1.042707356162,0.576,1.67404944721762,0.906,0.621,"10","JUNB"
"DEK",0.786,1.13457671681901,0.572,2.23646518376629,0.749,0.255,"10","DEK"
"ATAD21",0.764,1.09777991786308,0.528,2.26068528121149,0.69,0.208,"10","ATAD2"
"MDM2",0.754,1.08763221395651,0.508,1.71778279471357,0.901,0.658,"10","MDM2"
"H2AZ12",0.751,0.702622188101152,0.502,1.09868588258682,0.95,0.737,"10","H2AZ1"
"1600010M07RIK",0.748,2.02001431380007,0.496,4.29640188879276,0.572,0.11,"10","1600010M07RIK"
"HNRNPA1",0.741,0.654971469788468,0.482,1.04407897690167,0.92,0.708,"10","HNRNPA1"
"H1F4",0.737,1.27190720725772,0.474,3.04232566548194,0.55,0.088,"10","H1F4"
"IFRD1",0.729,0.926267173530149,0.458,1.52609644302469,0.826,0.569,"10","IFRD1"
"GADD45B",0.726,1.16485349725775,0.452,2.17907087660366,0.676,0.308,"10","GADD45B"
"DTD2",0.72,1.17974263704551,0.44,2.72700030403872,0.556,0.144,"10","DTD2"
"VMP11",0.716,0.960473913135988,0.432,1.63115337628043,0.774,0.469,"10","VMP1"
"SMC22",0.712,0.814622950123259,0.424,1.82360207424446,0.585,0.165,"10","SMC2"
"JUN",0.71,0.990811362396936,0.42,1.56158877212692,0.851,0.614,"10","JUN"
"GM41609",0.708,1.60109848938511,0.416,3.78824705803568,0.483,0.081,"10","GM41609"
"SRSF31",0.706,0.767190427101077,0.412,1.34711132069886,0.757,0.468,"10","SRSF3"
"ANKRD1",0.704,1.28740085756345,0.408,3.1916140605313,0.486,0.092,"10","ANKRD1"
"H3F3B1",0.703,0.745732517609866,0.406,1.09823605564603,0.983,0.921,"10","H3F3B"
"TPT11",0.917,0.845824068410638,0.834,1.23994645155212,1,0.956,"12","TPT1"
"RPS81",0.865,0.656745539369436,0.73,0.960067917981562,0.998,0.971,"12","RPS8"
"RPLP11",0.859,0.719657723323636,0.718,1.05822179981078,1,0.95,"12","RPLP1"
"RPS201",0.841,0.586074561978006,0.682,0.857728873411134,1,0.963,"12","RPS20"
"AU020206",0.798,1.57106409354475,0.596,3.57267436742492,0.664,0.117,"12","AU020206"
"RPL341",0.784,0.521150151806962,0.568,0.773139197509128,0.991,0.942,"12","RPL34"
"RPL411",0.782,0.554691979224273,0.564,0.826365308931091,0.996,0.929,"12","RPL41"
"BST21",0.777,1.26993999429369,0.554,2.37809102591374,0.718,0.257,"12","BST2"
"RPS261",0.771,0.569874231191141,0.542,0.843636291589088,0.993,0.94,"12","RPS26"
"B2M",0.771,0.776148791439284,0.542,1.22827374723559,0.921,0.701,"12","B2M"
"RPS14",0.769,0.502275784793527,0.538,0.745621362952964,0.996,0.939,"12","RPS14"
"RPS241",0.762,0.47462408897779,0.524,0.700974925017605,0.995,0.948,"12","RPS24"
"RPL18A1",0.76,0.500784802204645,0.52,0.747045566037951,0.986,0.93,"12","RPL18A"
"RPS15",0.759,0.563354942805817,0.518,0.85319302278705,0.975,0.884,"12","RPS15"
"LY6E",0.758,1.4862522671201,0.516,3.02066818267994,0.621,0.175,"12","LY6E"
"RPS161",0.756,0.449030775594746,0.512,0.666884721966991,0.991,0.938,"12","RPS16"
"RPL39",0.75,0.539104565056133,0.5,0.817202042323112,0.971,0.884,"12","RPL39"
"RPL281",0.747,0.468116177615589,0.494,0.693755728580507,0.987,0.942,"12","RPL28"
"2410006H16RIK",0.745,1.0011597838253,0.49,1.57337979809286,0.874,0.682,"12","2410006H16RIK"
"RHOX5",0.743,1.4279299424154,0.486,3.93639850020617,0.525,0.051,"12","RHOX5"
"RPL38",0.743,0.484290107230513,0.486,0.723128863926306,0.987,0.926,"12","RPL38"
"USP14",0.741,1.24629711597491,0.482,2.48804582853647,0.635,0.245,"12","USP14"
"RPL18",0.737,0.461553326054225,0.474,0.694634611118507,0.977,0.911,"12","RPL18"
"TXN1",0.736,0.639739832598641,0.472,1.01175305617371,0.896,0.745,"12","TXN1"
"IFITM32",0.735,0.735458616389043,0.47,1.16594903509196,0.831,0.545,"12","IFITM3"
"UBB",0.734,0.632416790196351,0.468,0.967564900071773,0.957,0.854,"12","UBB"
"RPL36",0.733,0.479694422398843,0.466,0.728637153554709,0.973,0.878,"12","RPL36"
"HSPB1",0.731,2.16524271066242,0.462,9.31807892131477,0.464,0.002,"12","HSPB1"
"S100A11",0.729,0.913975912720313,0.458,1.50582031914902,0.77,0.557,"12","S100A11"
"RPL10A",0.728,0.493685049659346,0.456,0.74937676433447,0.955,0.881,"12","RPL10A"
"RPS5",0.726,0.450366559298039,0.452,0.676729858682132,0.96,0.911,"12","RPS5"
"RPL322",0.725,0.368750512684338,0.45,0.542310026504694,0.993,0.956,"12","RPL32"
"RPL7A",0.725,0.530836175840684,0.45,0.822924593285713,0.926,0.832,"12","RPL7A"
"RPL27",0.72,0.48146631503661,0.44,0.736041036704423,0.96,0.864,"12","RPL27"
"RPS15A1",0.712,0.378409255149222,0.424,0.567318045862705,0.986,0.922,"12","RPS15A"
"RPS27A1",0.711,0.353388086578774,0.422,0.526058393190399,0.989,0.938,"12","RPS27A"
"RPL131",0.709,0.32300575359271,0.418,0.474949419606319,0.995,0.96,"12","RPL13"
"LGALS12",0.708,0.620885360443909,0.416,0.923949852474293,0.937,0.875,"12","LGALS1"
"RPL23A1",0.706,0.367131837652788,0.412,0.551712706900991,0.978,0.916,"12","RPL23A"
"RPL241",0.705,0.376657727782736,0.41,0.566728599873332,0.98,0.918,"12","RPL24"
"ISG151",0.702,1.14411838122088,0.404,2.33217412025054,0.543,0.18,"12","ISG15"
"CD63",0.701,0.597622858157389,0.402,0.930404056034912,0.914,0.792,"12","CD63"
"KRT17",1,4.272294040381,1,10.3452971298164,1,0.014,"13","KRT17"
"TECPR2",0.974,3.37529170174091,0.948,6.6360184421176,0.955,0.093,"13","TECPR2"
"RPL10",0.971,1.73437248883642,0.942,2.58483947237104,1,0.883,"13","RPL10"
"FTH11",0.952,1.52225478573844,0.904,2.21990102116523,1,0.955,"13","FTH1"
"RPS141",0.951,1.18534985659227,0.902,1.74690852796515,1,0.94,"13","RPS14"
"RPL11",0.945,1.12051122519627,0.89,1.67064807313454,1,0.914,"13","RPL11"
"RPL9-PS6",0.926,3.11678950249856,0.852,6.51110524044576,0.864,0.078,"13","RPL9-PS6"
"YWHAZ",0.92,2.047515648106,0.84,3.19976763788699,0.909,0.634,"13","YWHAZ"
"TKT",0.916,2.69758502349061,0.832,4.87254755907486,0.864,0.21,"13","TKT"
"RPL81",0.912,0.862524703255804,0.824,1.26684936145754,0.955,0.955,"13","RPL8"
"ATF3",0.909,3.03403656003606,0.818,10.16982010775,0.818,0.004,"13","ATF3"
"BTG1",0.909,2.1918373504563,0.818,3.4300991274245,0.909,0.594,"13","BTG1"
"TMSB4X",0.908,3.23515148820003,0.816,9.37598119928851,0.818,0.01,"13","TMSB4X"
"MT2",0.908,3.59306536015737,0.816,10.28214061871,0.818,0.007,"13","MT2"
"GM5535",0.907,3.49259165173991,0.814,8.55972030148289,0.818,0.02,"13","GM5535"
"RPS31",0.905,1.08832836056753,0.81,1.61362600212389,1,0.925,"13","RPS3"
"RPS18",0.902,1.03482415127181,0.804,1.56285780300506,1,0.861,"13","RPS18"
"PDE4D",0.899,2.04863167797192,0.798,3.43460566859491,0.864,0.357,"13","PDE4D"
"RPS82",0.898,0.762009326719354,0.796,1.11348799273528,1,0.972,"13","RPS8"
"RPL18A2",0.888,1.14130354305402,0.776,1.68889400546204,0.955,0.931,"13","RPL18A"
"KRT14",0.886,3.60879285515898,0.772,11.1636790488822,0.773,0.004,"13","KRT14"
"SERF2",0.885,1.88152191507644,0.77,3.04211835828412,0.864,0.505,"13","SERF2"
"LIMA1",0.881,2.33470763794565,0.762,4.0590623123816,0.818,0.281,"13","LIMA1"
"RACK11",0.876,0.892733008999095,0.752,1.31824957194154,1,0.938,"13","RACK1"
"ARPC2",0.852,1.88428378189966,0.704,3.04788911286323,0.818,0.523,"13","ARPC2"
"H3F3A",0.85,1.63492840126556,0.7,2.61920447144926,0.818,0.565,"13","H3F3A"
"RPL5",0.844,1.092329628112,0.688,1.61550254872274,1,0.934,"13","RPL5"
"RPL10L",0.841,3.10775915124385,0.682,10.924001477672,0.682,0.002,"13","RPL10L"
"RND3",0.83,2.70469280253102,0.66,6.10883625638456,0.682,0.061,"13","RND3"
"RPL132",0.819,0.535744237100709,0.638,0.787009032396414,1,0.961,"13","RPL13"
"ACTA1",0.818,2.86410551595068,0.636,10.6403502261569,0.636,0.002,"13","ACTA1"
"KRT19",0.818,2.78708622736116,0.636,10.8503523004871,0.636,0.002,"13","KRT19"
"ATP1B1",0.817,3.10275989926413,0.634,10.3838041221872,0.636,0.004,"13","ATP1B1"
"RPL302",0.815,0.608006738016962,0.63,0.894172190292921,1,0.955,"13","RPL30"
"EEF1A11",0.803,0.495037473481148,0.606,0.723730031140222,1,0.972,"13","EEF1A1"
"DSP",0.795,2.83907632075455,0.59,10.8828370315454,0.591,0.002,"13","DSP"
"INHBA",0.792,2.01514606616221,0.584,3.62312129227789,0.682,0.245,"13","INHBA"
"RPL323",0.789,0.476120040749001,0.578,0.700298282532518,1,0.956,"13","RPL32"
"UBC",0.789,1.28017790732939,0.578,2.03455931006163,0.773,0.659,"13","UBC"
"EIF4G2",0.786,1.2172942791303,0.572,1.95849160663534,0.773,0.636,"13","EIF4G2"
"RPS18-PS6",0.782,1.31131186178766,0.564,2.21037985098493,0.727,0.486,"13","RPS18-PS6"
"RPS121",0.782,0.72033938648645,0.564,1.06218042262567,1,0.945,"13","RPS12"
"UBA52RT",0.78,2.46063595691784,0.56,5.58068330956397,0.591,0.072,"13","UBA52RT"
"RPL35RT",0.779,2.5544825074584,0.558,5.62770075166917,0.591,0.077,"13","RPL35RT"
"EIF4A2",0.777,1.78130604905291,0.554,3.10134239903944,0.682,0.356,"13","EIF4A2"
"SEPTIN7",0.777,1.84395521132669,0.554,3.18073195498889,0.682,0.366,"13","SEPTIN7"
"VMP12",0.77,1.25126736761903,0.54,2.07604113014197,0.727,0.477,"13","VMP1"
"PABPC1",0.768,0.871473931576102,0.536,1.31045895630474,0.909,0.901,"13","PABPC1"
"TMSB10B",0.766,2.46656173739471,0.532,6.69688683553429,0.545,0.03,"13","TMSB10B"
"RPL36A",0.764,0.67812760282525,0.528,1.04036136526847,0.909,0.844,"13","RPL36A"
"TRAF5",0.763,2.49545103116506,0.526,6.29039197337045,0.545,0.041,"13","TRAF5"
"RPS19",0.763,0.627013262998025,0.526,0.939487644288739,0.909,0.916,"13","RPS19"
"RPS27",0.763,0.911733584012115,0.526,1.39808192791612,0.818,0.824,"13","RPS27"
"SOX4",0.75,1.34423139578599,0.5,2.14378224155756,0.727,0.604,"13","SOX4"
"RPL39L",0.749,2.37277006197632,0.498,9.52069191012905,0.5,0.003,"13","RPL39L"
"OR13F5",0.749,2.43340487608948,0.498,9.88719392275372,0.5,0.003,"13","OR13F5"
"HINT1",0.749,1.19544096309819,0.498,1.93678903607503,0.727,0.606,"13","HINT1"
"EZR",0.748,1.90482061305385,0.496,3.61712696375587,0.591,0.221,"13","EZR"
"RPS4X1",0.746,0.519635523323824,0.492,0.77778784688353,0.955,0.921,"13","RPS4X"
"EIF4A1",0.744,1.44928037015965,0.488,2.40547065066325,0.682,0.525,"13","EIF4A1"
"RPL13A1",0.744,0.49578373632575,0.488,0.74708379068808,0.864,0.913,"13","RPL13A"
"RPL342",0.743,0.635563563700854,0.486,0.942298572270665,0.955,0.943,"13","RPL34"
"HNRNPA11",0.742,0.951729140725916,0.484,1.49837332144781,0.773,0.714,"13","HNRNPA1"
"FAM3C",0.739,2.02052151417107,0.478,4.18115906123178,0.545,0.145,"13","FAM3C"
"SON",0.738,1.81877975810402,0.476,3.38193250409476,0.591,0.259,"13","SON"
"RPS13",0.735,0.48540852821042,0.47,0.734081451080089,0.909,0.905,"13","RPS13"
"S100A102",0.735,1.28223571802168,0.47,1.98359395227439,0.727,0.706,"13","S100A10"
"UBE2H",0.734,1.66696560990605,0.468,3.04125750664877,0.591,0.282,"13","UBE2H"
"SFPQ",0.733,1.68211832563142,0.466,2.83749452934839,0.636,0.426,"13","SFPQ"
"RPL36AL",0.732,0.832571399614843,0.464,1.32140979658262,0.773,0.73,"13","RPL36AL"
"RPL12",0.731,0.636747554340778,0.462,0.952874942985694,0.818,0.916,"13","RPL12"
"CSNK1A1",0.725,1.31596069922911,0.45,2.24156790758579,0.636,0.478,"13","CSNK1A1"
"JUN1",0.722,0.861518011426462,0.444,1.36230294236704,0.727,0.621,"13","JUN"
"TMSB10",0.719,0.64664709257698,0.438,1.00871383064551,0.818,0.784,"13","TMSB10"
"ELL2",0.717,1.91550677882306,0.434,3.57975319488316,0.545,0.228,"13","ELL2"
"RPS27A2",0.717,0.370574117524279,0.434,0.552931672994349,0.909,0.939,"13","RPS27A"
"PRRC2C",0.715,0.987751312433602,0.43,1.60300166820164,0.682,0.641,"13","PRRC2C"
"SEC62",0.709,1.34476680664853,0.418,2.39006314209674,0.591,0.379,"13","SEC62"
"TXNDC17",0.708,1.68274248142262,0.416,3.15182391396512,0.545,0.27,"13","TXNDC17"
"MRPS28",0.708,1.96140888338245,0.416,3.98324804914792,0.5,0.162,"13","MRPS28"
"MEI4",0.704,2.04637441741733,0.408,9.38277086520034,0.409,0.003,"13","MEI4"
"HSP90B11",0.701,0.76406132542742,0.402,1.17028906587067,0.773,0.802,"13","HSP90B1"
